title,track_id,start_date,end_date,driver_fee,spectator_fee,url,description
TX2K26 Presented By Summit,1,2026-03-17 09:00:00,2026-03-22 23:00:00,500,40,https://tx2k.com,Home of the World's Quickest and Fastest Street Cars!
Popeye Sailorman Street Car Rise Of The Beast,1,2026-04-17 09:00:00,2026-04-18 23:00:00,0,0,https://www.facebook.com/groups/617638237206890/,N/T Street Car Rise Of The Beasts 
RaceWars,1,2026-04-19 09:00:00,2026-04-19 23:00:00,0,0,https://racewarsusa.com,742 RaceWars Just|Vibes
NHRA Lucas Oil Double Divisional,1,2026-05-14 09:00:00,2026-05-17 23:00:00,100,25,https://www.nhradiv4.com,NHRA Lucas Oil Double Divisional - Division 4
NHRA Lucas Oil Divisional,1,2026-10-12 09:00:00,2026-10-13 23:00:00,100,25,https://www.nhradiv4.com,NHRA Lucas Oil Divisional - Division 4
Flicker Promotions Spring Stampede,1,2026-05-22 09:00:00,2026-05-24 23:00:00,150,25,https://www.raceflickerpromotions.com/springstampede,Bracket Series Spring Stampede
Street Car Takeover,1,2026-05-29 09:00:00,2026-05-30 23:00:00,0,0,https://streetcar-takeover.com,Where Street Car Go To Party!
Nitro Dave's Clash of the Titans,1,2026-07-17 09:00:00,2026-07-18 23:00:00,0,0,https://www.facebook.com/groups/1193073251712918,The Clash of the Titans 4.50�ish isn�t your average drag race�it�s a battle of drivers and tuners.
Flicker Promotions LaTexan Lasso,1,2026-09-04 09:00:00,2026-09-06 23:00:00,150,25,https://www.raceflickerpromotions.com/latexanlasso,Bracket Series Fall LaTexan Lasso
NHRA Divsion 4 Bracket Finals,1,2026-09-04 09:00:00,2026-09-06 23:00:00,100,25,https://www.nhradiv4.com,NHRA Divsion 4 Bracket Finals
Doomsday Productions Texas Radial Roundup,1,2026-10-29 09:00:00,2026-10-31 23:00:00,150,25,https://racedoomsdayproductions.com,Texas' Premier Radial Race